<?xml version="1.0" encoding="UTF-8"?>

<ProjectSettings>
  <Name value="Simple Saturation Plugin"/>
  <Version value="1.0.0"/>
  <Description value=""/>
  <BundleIdentifier value="com.myCompany.product"/>
  <PluginCode value="Abcd"/>
  <EmbedAudioFiles value="Yes"/>
  <EmbedImageFiles value="Yes"/>
  <SupportFullDynamicsHLAC value="No"/>
  <AdditionalDspLibraries value=""/>
  <OSXStaticLibs value=""/>
  <WindowsStaticLibFolder value=""/>
  <ExtraDefinitionsWindows value=""/>
  <ExtraDefinitionsOSX value=""/>
  <ExtraDefinitionsIOS value=""/>
  <ExtraDefinitionsLinux value=""/>
  <AppGroupID value=""/>
  <RedirectSampleFolder value=""/>
  <AAXCategoryFX value="AAX_ePlugInCategory_Modulation"/>
  <SupportMonoFX value="No"/>
  <EnableMidiInputFX value="No"/>
  <EnableSoundGeneratorsFX value="No"/>
  <VST3Support value="1"/>
  <UseRawFrontend value="No"/>
  <ExpansionType value="Disabled"/>
  <EncryptionKey value=""/>
  <LinkExpansionsToProject value="No"/>
  <ReadOnlyFactoryPresets value="No"/>
  <ForceStereoOutput value="No"/>
</ProjectSettings>
